{
  "version": 1,
  "author": "Anonymous maker",
  "editor": "wokwi",
  "parts": [
    { "type": "wokwi-esp32-devkit-v1", "id": "esp", "top": -4.9, "left": 4.6, "attrs": {} },
    { "type": "wokwi-slide-switch", "id": "sw2", "top": 81.2, "left": -121.7, "attrs": {} },
    { "type": "wokwi-vcc", "id": "vcc1", "top": 29.56, "left": -144, "attrs": {} },
    { "type": "wokwi-gnd", "id": "gnd1", "top": 134.4, "left": -87, "attrs": {} },
    { "type": "wokwi-slide-switch", "id": "sw1", "top": 81.2, "left": 204.7, "attrs": {} },
    { "type": "wokwi-vcc", "id": "vcc2", "top": 67.96, "left": 182.4, "attrs": {} },
    { "type": "wokwi-gnd", "id": "gnd2", "top": 163.2, "left": 258.6, "attrs": {} },
    { "type": "wokwi-slide-switch", "id": "sw3", "top": -130, "left": -44.9, "attrs": {} },
    { "type": "wokwi-vcc", "id": "vcc3", "top": -143.24, "left": -76.8, "attrs": {} },
    { "type": "wokwi-gnd", "id": "gnd3", "top": -86.4, "left": -29.4, "attrs": {} },
    { "type": "wokwi-slide-switch", "id": "sw4", "top": -130, "left": 51.1, "attrs": {} },
    { "type": "wokwi-vcc", "id": "vcc4", "top": -143.24, "left": 19.2, "attrs": {} },
    { "type": "wokwi-gnd", "id": "gnd4", "top": -86.4, "left": 66.6, "attrs": {} },
    { "type": "wokwi-slide-switch", "id": "sw5", "top": -130, "left": 147.1, "attrs": {} },
    { "type": "wokwi-vcc", "id": "vcc5", "top": -143.24, "left": 115.2, "attrs": {} },
    { "type": "wokwi-gnd", "id": "gnd5", "top": -86.4, "left": 162.6, "attrs": {} },
    { "type": "wokwi-slide-switch", "id": "sw6", "top": -24.4, "left": 223.9, "attrs": {} },
    { "type": "wokwi-vcc", "id": "vcc6", "top": -37.64, "left": 192, "attrs": {} },
    { "type": "wokwi-gnd", "id": "gnd6", "top": 19.2, "left": 239.4, "attrs": {} },
    { "type": "wokwi-slide-switch", "id": "sw7", "top": -24.4, "left": -112.1, "attrs": {} },
    { "type": "wokwi-vcc", "id": "vcc7", "top": -37.64, "left": -144, "attrs": {} },
    { "type": "wokwi-gnd", "id": "gnd7", "top": 19.2, "left": -96.6, "attrs": {} },
    { "type": "wokwi-gnd", "id": "gnd8", "top": 153.6, "left": 133.8, "attrs": {} },
    { "type": "wokwi-vcc", "id": "vcc8", "top": 96.76, "left": -28.8, "attrs": {} },
    {
      "type": "wokwi-led",
      "id": "led1",
      "top": 82.8,
      "left": -178.6,
      "attrs": { "color": "red" }
    },
    {
      "type": "wokwi-led",
      "id": "led2",
      "top": 15.6,
      "left": -207.4,
      "attrs": { "color": "yellow" }
    },
    { "type": "wokwi-gnd", "id": "gnd10", "top": 163.2, "left": -327, "attrs": {} },
    {
      "type": "wokwi-led",
      "id": "led3",
      "top": 82.8,
      "left": -226.6,
      "attrs": { "color": "purple" }
    },
    {
      "type": "wokwi-led",
      "id": "led4",
      "top": 82.8,
      "left": 359.4,
      "attrs": { "color": "red", "flip": "1" }
    },
    {
      "type": "wokwi-led",
      "id": "led5",
      "top": 15.6,
      "left": 330.6,
      "attrs": { "color": "yellow", "flip": "1" }
    },
    { "type": "wokwi-gnd", "id": "gnd9", "top": 153.6, "left": 460.6, "attrs": {} },
    {
      "type": "wokwi-led",
      "id": "led6",
      "top": 82.8,
      "left": 311.4,
      "attrs": { "color": "purple", "flip": "1" }
    },
    { "type": "wokwi-slide-switch", "id": "sw8", "top": 244.4, "left": 51.1, "attrs": {} },
    { "type": "wokwi-vcc", "id": "vcc9", "top": 231.16, "left": 96, "attrs": {} },
    { "type": "wokwi-gnd", "id": "gnd11", "top": 307.2, "left": 47.4, "attrs": {} }
  ],
  "connections": [
    [ "esp:TX0", "$serialMonitor:RX", "", [] ],
    [ "esp:RX0", "$serialMonitor:TX", "", [] ],
    [ "esp:D34", "sw2:2", "green", [ "h-53", "v138.9", "h-57.6", "v-76.8" ] ],
    [ "esp:D35", "sw1:2", "green", [ "h57.6", "v71.5", "h153.5" ] ],
    [ "vcc3:VCC", "sw3:1", "red", [ "v0" ] ],
    [ "gnd3:GND", "sw3:3", "black", [ "v0" ] ],
    [ "vcc4:VCC", "sw4:1", "red", [ "v0" ] ],
    [ "gnd4:GND", "sw4:3", "black", [ "v0" ] ],
    [ "vcc5:VCC", "sw5:1", "red", [ "v0" ] ],
    [ "gnd5:GND", "sw5:3", "black", [ "v0" ] ],
    [ "vcc6:VCC", "sw6:1", "red", [ "v0" ] ],
    [ "gnd6:GND", "sw6:3", "black", [ "v0" ] ],
    [ "vcc7:VCC", "sw7:1", "red", [ "v0" ] ],
    [ "gnd7:GND", "sw7:3", "black", [ "v0" ] ],
    [ "esp:GND.1", "gnd8:GND", "black", [ "h0" ] ],
    [ "esp:VIN", "vcc8:VCC", "red", [ "h0" ] ],
    [ "esp:D26", "sw4:2", "green", [ "h0" ] ],
    [ "esp:D25", "sw3:2", "green", [ "h0" ] ],
    [ "esp:D27", "sw5:2", "green", [ "h0" ] ],
    [ "esp:D32", "sw7:2", "green", [ "h0" ] ],
    [ "esp:D23", "sw6:2", "green", [ "h0" ] ],
    [ "gnd10:GND", "led2:C", "black", [ "v0" ] ],
    [ "gnd10:GND", "led3:C", "black", [ "v0" ] ],
    [ "gnd10:GND", "led1:C", "black", [ "h153.6", "v-38.4" ] ],
    [ "gnd9:GND", "led4:C", "black", [ "v-9.6", "h-86.4" ] ],
    [ "led5:C", "gnd9:GND", "black", [ "v19.2", "h115.2" ] ],
    [ "led6:C", "gnd9:GND", "black", [ "v0" ] ],
    [ "esp:D4", "led5:A", "yellow", [ "v-47.9", "h239.7" ] ],
    [ "esp:D18", "led2:A", "yellow", [ "h0" ] ],
    [ "esp:D19", "led3:A", "purple", [ "v153.5", "h-307.5" ] ],
    [ "esp:RX2", "led6:A", "purple", [ "v114.9", "h220.5" ] ],
    [ "esp:D21", "led1:A", "red", [ "v153.2", "h-259.5" ] ],
    [ "esp:TX2", "led4:A", "red", [ "v57.5", "h268.5" ] ],
    [ "esp:D22", "sw8:2", "cyan", [ "h66.9", "v268.5", "h-105.7" ] ],
    [ "gnd1:GND", "sw2:3", "black", [ "v0" ] ],
    [ "vcc1:VCC", "sw2:1", "red", [ "v0" ] ],
    [ "vcc2:VCC", "sw1:1", "red", [ "v0" ] ],
    [ "gnd2:GND", "sw1:3", "black", [ "v0" ] ],
    [ "vcc9:VCC", "sw8:3", "red", [ "v0" ] ],
    [ "gnd11:GND", "sw8:1", "black", [ "v0" ] ]
  ],
  "dependencies": {}
}