{
  "version": 1,
  "author": "Anonymous maker",
  "editor": "wokwi",
  "parts": [
    { "type": "wokwi-esp32-devkit-v1", "id": "esp1", "top": 119.06, "left": 10.21, "attrs": {} },
    { "type": "wokwi-slide-switch", "id": "sw1", "top": 205.16, "left": -116.09, "attrs": {} },
    { "type": "wokwi-vcc", "id": "vcc1", "top": 201.52, "left": -71.19, "attrs": {} },
    { "type": "wokwi-gnd", "id": "gnd1", "top": 267.96, "left": -119.79, "attrs": {} },
    { "type": "wokwi-slide-switch", "id": "sw2", "top": 205.16, "left": 210.31, "attrs": {} },
    { "type": "wokwi-vcc", "id": "vcc2", "top": 201.52, "left": 264.81, "attrs": {} },
    { "type": "wokwi-gnd", "id": "gnd2", "top": 287.16, "left": 206.61, "attrs": {} },
    { "type": "wokwi-slide-switch", "id": "sw3", "top": -6.04, "left": -39.29, "attrs": {} },
    { "type": "wokwi-vcc", "id": "vcc3", "top": -19.28, "left": -71.19, "attrs": {} },
    { "type": "wokwi-gnd", "id": "gnd3", "top": 37.56, "left": -23.79, "attrs": {} },
    { "type": "wokwi-slide-switch", "id": "sw4", "top": -6.04, "left": 56.71, "attrs": {} },
    { "type": "wokwi-vcc", "id": "vcc4", "top": -19.28, "left": 24.81, "attrs": {} },
    { "type": "wokwi-gnd", "id": "gnd4", "top": 37.56, "left": 72.21, "attrs": {} },
    { "type": "wokwi-slide-switch", "id": "sw5", "top": -6.04, "left": 152.71, "attrs": {} },
    { "type": "wokwi-vcc", "id": "vcc5", "top": -19.28, "left": 120.81, "attrs": {} },
    { "type": "wokwi-gnd", "id": "gnd5", "top": 37.56, "left": 168.21, "attrs": {} },
    { "type": "wokwi-slide-switch", "id": "sw6", "top": 99.56, "left": 229.51, "attrs": {} },
    { "type": "wokwi-vcc", "id": "vcc6", "top": 86.32, "left": 197.61, "attrs": {} },
    { "type": "wokwi-gnd", "id": "gnd6", "top": 143.16, "left": 245.01, "attrs": {} },
    { "type": "wokwi-slide-switch", "id": "sw7", "top": 99.56, "left": -106.49, "attrs": {} },
    { "type": "wokwi-vcc", "id": "vcc7", "top": 86.32, "left": -138.39, "attrs": {} },
    { "type": "wokwi-gnd", "id": "gnd7", "top": 143.16, "left": -90.99, "attrs": {} },
    { "type": "wokwi-gnd", "id": "gnd8", "top": 277.56, "left": 139.41, "attrs": {} },
    { "type": "wokwi-vcc", "id": "vcc8", "top": 220.72, "left": -23.19, "attrs": {} },
    { "type": "wokwi-slide-switch", "id": "sw8", "top": 368.36, "left": 56.71, "attrs": {} },
    { "type": "wokwi-vcc", "id": "vcc9", "top": 355.12, "left": 24.81, "attrs": {} },
    { "type": "wokwi-gnd", "id": "gnd11", "top": 411.96, "left": 72.21, "attrs": {} },
    {
      "type": "wokwi-led",
      "id": "led1",
      "top": 210.58,
      "left": -231.46,
      "attrs": { "color": "purple" }
    },
    {
      "type": "wokwi-led",
      "id": "led2",
      "top": 212.15,
      "left": 336.39,
      "attrs": { "color": "purple" }
    }
  ],
  "connections": [
    [ "esp1:D34", "sw1:2", "green", [ "h-53", "v138.9", "h-57.6", "v-76.8" ] ],
    [ "esp1:D35", "sw2:2", "green", [ "h57.6", "v71.5", "h153.5" ] ],
    [ "vcc3:VCC", "sw3:1", "red", [ "v0" ] ],
    [ "gnd3:GND", "sw3:3", "black", [ "v0" ] ],
    [ "vcc4:VCC", "sw4:1", "red", [ "v0" ] ],
    [ "gnd4:GND", "sw4:3", "black", [ "v0" ] ],
    [ "vcc5:VCC", "sw5:1", "red", [ "v0" ] ],
    [ "gnd5:GND", "sw5:3", "black", [ "v0" ] ],
    [ "vcc6:VCC", "sw6:1", "red", [ "v0" ] ],
    [ "gnd6:GND", "sw6:3", "black", [ "v0" ] ],
    [ "vcc7:VCC", "sw7:1", "red", [ "v0" ] ],
    [ "gnd7:GND", "sw7:3", "black", [ "v0" ] ],
    [ "gnd1:GND", "sw1:1", "black", [ "v0" ] ],
    [ "vcc1:VCC", "sw1:3", "red", [ "v0" ] ],
    [ "gnd2:GND", "sw2:1", "black", [ "v0" ] ],
    [ "vcc2:VCC", "sw2:3", "red", [ "v0" ] ],
    [ "esp1:GND.1", "gnd8:GND", "black", [ "h0" ] ],
    [ "esp1:VIN", "vcc8:VCC", "red", [ "h0" ] ],
    [ "esp1:D26", "sw4:2", "green", [ "h0" ] ],
    [ "esp1:D25", "sw3:2", "green", [ "h0" ] ],
    [ "esp1:D27", "sw5:2", "green", [ "h0" ] ],
    [ "esp1:D32", "sw7:2", "green", [ "h0" ] ],
    [ "esp1:D23", "sw6:2", "green", [ "h0" ] ],
    [ "vcc9:VCC", "sw8:1", "red", [ "v0" ] ],
    [ "gnd11:GND", "sw8:3", "black", [ "v0" ] ],
    [ "esp1:D22", "sw8:2", "cyan", [ "h66.9", "v306.9" ] ],
    [ "esp1:TX2", "led2:A", "purple", [ "v144.33", "h249.88" ] ],
    [ "esp1:RX2", "led1:A", "purple", [ "v107.7", "h-317.97" ] ],
    [ "gnd8:GND", "led1:C", "black", [ "v68.94", "h-366.07" ] ],
    [ "gnd8:GND", "led2:C", "black", [ "v0" ] ]
  ],
  "dependencies": {}
}