{
  "version": 1,
  "author": "Paulo Vitor Rosendo",
  "editor": "wokwi",
  "parts": [
    { "type": "wokwi-breadboard-mini", "id": "bb1", "top": 133, "left": -184.8, "attrs": {} },
    { "type": "wokwi-arduino-uno", "id": "uno", "top": 96.6, "left": -0.6, "attrs": {} },
    { "type": "wokwi-dht22", "id": "dht1", "top": -95.7, "left": -130.2, "attrs": {} },
    { "type": "wokwi-dht22", "id": "dht2", "top": -95.7, "left": 33, "attrs": {} },
    { "type": "wokwi-dht22", "id": "dht3", "top": -95.7, "left": 157.8, "attrs": {} }
  ],
  "connections": [
    [ "dht1:SDA", "uno:4", "green", [ "v67.2", "h322.6" ] ],
    [ "uno:5V", "bb1:8b.j", "red", [ "v28.7", "h-265" ] ],
    [ "dht1:VCC", "bb1:8b.i", "red", [ "h-19.2", "v220.8" ] ],
    [ "uno:GND.1", "bb1:14t.e", "black", [ "v-9.6", "h-172.5", "v86.4" ] ],
    [ "dht1:GND", "bb1:14t.d", "black", [ "v0" ] ],
    [ "dht2:GND", "bb1:14t.c", "black", [ "v19.2", "h-153.6", "v124.8" ] ],
    [ "dht2:VCC", "bb1:8b.h", "red", [ "v57.6", "h-172.8", "v153.6" ] ],
    [ "dht2:SDA", "uno:3", "green", [ "v57.6", "h168.9" ] ],
    [ "dht3:SDA", "uno:2", "green", [ "v48", "h53.6" ] ],
    [ "dht3:VCC", "bb1:8b.g", "red", [ "v38.4", "h-288", "v163.2" ] ],
    [ "dht3:GND", "bb1:14t.b", "black", [ "v48", "h-249.6" ] ]
  ],
  "dependencies": {}
}