{
  "version": 1,
  "author": "Anonymous maker",
  "editor": "wokwi",
  "parts": [
    { "type": "wokwi-esp32-devkit-v1", "id": "esp", "top": -13.65, "left": -235.34, "attrs": {} },
    { "type": "wokwi-breadboard-half", "id": "bb1", "top": -51, "left": -64.4, "attrs": {} },
    { "type": "wokwi-led", "id": "led1", "top": 25.2, "left": -34.6, "attrs": { "color": "red" } },
    {
      "type": "wokwi-resistor",
      "id": "r1",
      "top": 104,
      "left": -48.2,
      "rotate": 270,
      "attrs": { "value": "1000" }
    },
    { "type": "wokwi-led", "id": "led2", "top": 25.2, "left": 32.6, "attrs": { "color": "blue" } },
    {
      "type": "wokwi-resistor",
      "id": "r2",
      "top": 105.4,
      "left": 18,
      "rotate": 90,
      "attrs": { "value": "1000" }
    }
  ],
  "connections": [
    [ "esp:TX0", "$serialMonitor:RX", "", [] ],
    [ "esp:RX0", "$serialMonitor:TX", "", [] ],
    [ "esp:GND.2", "bb1:bn.1", "black", [ "h-25.83", "v87.15", "h229.33" ] ],
    [ "esp:D4", "bb1:4b.h", "green", [ "h0" ] ],
    [ "esp:D2", "bb1:11b.h", "green", [ "h0" ] ],
    [ "led1:A", "bb1:4b.f", "", [ "$bb" ] ],
    [ "led1:C", "bb1:3b.f", "", [ "$bb" ] ],
    [ "led2:A", "bb1:11b.f", "", [ "$bb" ] ],
    [ "led2:C", "bb1:10b.f", "", [ "$bb" ] ]
  ],
  "dependencies": {}
}