{
  "version": 1,
  "author": "Anonymous maker",
  "editor": "wokwi",
  "parts": [
    { "type": "wokwi-arduino-uno", "id": "uno", "top": 16.9, "left": -192, "attrs": {} },
    {
      "type": "wokwi-pushbutton",
      "id": "btn1",
      "top": 203.98,
      "left": 68.6,
      "attrs": { "color": "grey" }
    },
    {
      "type": "wokwi-resistor",
      "id": "r1",
      "top": 258.95,
      "left": 105.63,
      "rotate": 90,
      "attrs": { "value": "1000" }
    },
    {
      "type": "wokwi-led",
      "id": "led1",
      "top": -153.27,
      "left": -9.01,
      "attrs": { "color": "red" }
    },
    {
      "type": "wokwi-led",
      "id": "led2",
      "top": -104.94,
      "left": -9.46,
      "attrs": { "color": "yellow", "flip": "" }
    },
    {
      "type": "wokwi-led",
      "id": "led3",
      "top": -41.27,
      "left": -8.06,
      "attrs": { "color": "limegreen" }
    },
    {
      "type": "wokwi-resistor",
      "id": "r2",
      "top": -7.46,
      "left": -105.22,
      "rotate": 90,
      "attrs": { "value": "1000" }
    }
  ],
  "connections": [
    [ "uno:3.3V", "btn1:2.l", "red", [ "v0" ] ],
    [ "btn1:1.r", "uno:0", "gray", [ "v0" ] ],
    [ "r1:2", "uno:GND.2", "black", [ "h0" ] ],
    [ "uno:3", "led1:A", "gray", [ "v0" ] ],
    [ "uno:2", "led2:A", "gray", [ "v0" ] ],
    [ "uno:1", "led3:A", "gray", [ "v0" ] ],
    [ "led3:C", "r2:1", "black", [ "v2.1", "h-82.81" ] ],
    [ "led1:C", "r2:1", "black", [ "v-1.76", "h-74.66" ] ],
    [ "led2:C", "r2:1", "black", [ "v0" ] ]
  ],
  "dependencies": {}
}