{
  "version": 1,
  "author": "Anonymous maker",
  "editor": "wokwi",
  "parts": [
    { "type": "wokwi-esp32-devkit-v1", "id": "esp", "top": -13.65, "left": -235.34, "attrs": {} },
    { "type": "wokwi-breadboard-half", "id": "bb1", "top": -41.4, "left": -45.2, "attrs": {} },
    { "type": "wokwi-led", "id": "led1", "top": 34.8, "left": -15.4, "attrs": { "color": "red" } },
    {
      "type": "wokwi-resistor",
      "id": "r1",
      "top": 104,
      "left": -48.2,
      "rotate": 270,
      "attrs": { "value": "1000" }
    },
    {
      "type": "wokwi-led",
      "id": "led2",
      "top": 34.8,
      "left": 51.8,
      "attrs": { "color": "limegreen" }
    },
    {
      "type": "wokwi-resistor",
      "id": "r2",
      "top": 110.4,
      "left": 37.85,
      "rotate": 90,
      "attrs": { "value": "1000" }
    },
    {
      "type": "wokwi-resistor",
      "id": "r3",
      "top": 110.4,
      "left": 95.45,
      "rotate": 90,
      "attrs": { "value": "1000" }
    },
    {
      "type": "wokwi-led",
      "id": "led3",
      "top": 34.8,
      "left": 109.4,
      "attrs": { "color": "yellow" }
    },
    {
      "type": "wokwi-pushbutton",
      "id": "btn1",
      "top": 254.23,
      "left": -94.55,
      "attrs": { "color": "grey" }
    },
    {
      "type": "wokwi-resistor",
      "id": "r4",
      "top": 312,
      "left": -58.15,
      "rotate": 90,
      "attrs": { "value": "1000" }
    }
  ],
  "connections": [
    [ "esp:TX0", "$serialMonitor:RX", "", [] ],
    [ "esp:RX0", "$serialMonitor:TX", "", [] ],
    [ "esp:GND.2", "bb1:bn.1", "black", [ "h-25.83", "v87.15", "h229.33" ] ],
    [ "esp:D4", "bb1:4b.h", "red", [ "h0" ] ],
    [ "esp:D2", "bb1:11b.h", "green", [ "h0" ] ],
    [ "esp:D15", "bb1:17b.h", "gold", [ "h0" ] ],
    [ "btn1:1.r", "esp:D5", "blue", [ "v0" ] ],
    [ "btn1:2.l", "esp:3V3", "magenta", [ "h0" ] ],
    [ "r4:2", "esp:GND.1", "green", [ "h0" ] ],
    [ "led1:A", "bb1:4b.f", "", [ "$bb" ] ],
    [ "led1:C", "bb1:3b.f", "", [ "$bb" ] ],
    [ "r2:1", "bb1:10b.g", "", [ "$bb" ] ],
    [ "r2:2", "bb1:bp.8", "", [ "$bb" ] ],
    [ "led2:A", "bb1:11b.f", "", [ "$bb" ] ],
    [ "led2:C", "bb1:10b.f", "", [ "$bb" ] ],
    [ "led3:A", "bb1:17b.f", "", [ "$bb" ] ],
    [ "led3:C", "bb1:16b.f", "", [ "$bb" ] ],
    [ "r3:1", "bb1:16b.g", "", [ "$bb" ] ],
    [ "r3:2", "bb1:bp.13", "", [ "$bb" ] ]
  ],
  "dependencies": {}
}